#generation 100, elite copy 0.200000, muterate 0.200000
#generation,best fitness,average,0,1,2,3,4,5,6,7,8,9,
0 max,167,   82,    1,    1,  112,   65,    1,   25,    1,  110,  167,
1 max,195,  167,  112,  147,  190,   60,   65,    1,  195,   27,    5,
2 max,195,  195,  190,   60,    1,  170,    1,  120,  105,    1,    1,
3 max,195,  195,  190,  190,  115,    1,    1,    1,   80,  132,    1,
4 max,195,  195,  190,  160,  140,   70,  180,    1,   60,    1,  110,
5 max,195,  195,  190,  185,    1,    1,    1,  110,  190,    1,    1,
6 max,195,  195,  190,  107,  130,  102,    1,    1,    1,   85,    1,
7 max,195,  195,  190,  110,  182,   80,  140,  182,  110,   52,  110,
8 max,195,  195,  190,   97,   77,    1,  175,  102,   57,  135,  165,
9 max,195,  195,  190,  145,    1,   32,    1,    1,    1,  122,    1,
10 max,195,  195,  190,  127,    1,    1,  155,    1,  185,  195,  107,
11 max,205,  195,  195,    5,    1,  197,    1,  205,  105,  120,    1,
12 max,205,  205,  197,    1,  105,  200,  120,  175,    1,   90,    1,
13 max,205,  205,  200,  202,  105,  135,    1,   77,    1,  160,    1,
14 max,205,  205,  202,    1,  117,    1,  195,  100,    1,  190,    1,
15 max,205,  205,  202,    1,  175,  140,    1,    1,   95,  115,    1,
16 max,215,  205,  202,  117,  192,   45,    1,    1,  145,  215,  157,
17 max,235,  215,  215,  235,  117,  140,  202,    1,  117,    1,    1,
18 max,235,  235,  215,   57,  140,  182,   47,   95,    1,    1,  200,
19 max,235,  235,  215,    1,  125,    1,   85,    1,    1,  105,   95,
20 max,235,  235,  215,  170,    1,    1,  175,   70,    1,    1,    1,
21 max,240,  235,  215,  140,    1,  115,  145,   60,  240,  175,    1,
22 max,240,  240,  240,  185,  140,    1,  190,  195,    1,  225,  102,
23 max,240,  240,  240,    1,  165,   92,  180,  217,    1,  122,  175,
24 max,240,  240,  240,    1,  212,    1,  127,  190,    1,  160,    1,
25 max,240,  240,  240,  137,    1,    1,  220,    1,  105,    1,  135,
26 max,240,  240,  240,   80,  160,  185,  177,  215,    1,    1,   90,
27 max,240,  240,  240,    1,    1,  225,  160,  110,   80,    1,  125,
28 max,240,  240,  240,  125,  200,  105,  175,  135,  210,  165,    1,
29 max,240,  240,  240,  185,  170,    1,  240,  192,    1,  210,  105,
30 max,240,  240,  240,    1,  235,    1,    1,    1,  157,    1,  215,
31 max,240,  240,  240,  182,    1,    1,    1,  187,    1,    1,    1,
32 max,240,  240,  240,    1,  170,  175,    1,  212,  202,  215,  107,
33 max,240,  240,  240,  130,  225,  117,  165,    1,  145,    1,  137,
34 max,240,  240,  240,    1,  240,    1,   90,  215,  117,    1,   85,
35 max,240,  240,  240,  177,  165,  240,    1,    1,  165,    1,  130,
36 max,240,  240,  240,   25,  235,  160,  165,  180,  240,  140,  240,
37 max,240,  240,  240,  160,  180,  205,    1,  185,  160,  240,    1,
38 max,240,  240,  240,  240,  105,  170,  140,    1,  165,    1,  165,
39 max,240,  240,  240,  190,    1,    1,   25,    1,  160,  190,  175,
40 max,240,  240,  240,  175,    1,    1,    1,   90,    1,    1,  200,
41 max,245,  240,  240,  180,  177,    1,  245,  145,    1,    1,    1,
42 max,245,  245,  240,    1,  137,    1,  150,  155,  180,  140,    1,
43 max,245,  245,  240,   15,  180,    1,  180,  135,  215,   97,    1,
44 max,245,  245,  240,    1,  105,  100,    1,    1,    1,  135,  135,
45 max,245,  245,  240,  140,    1,  210,    1,    1,  110,  160,   60,
46 max,245,  245,  240,    1,    1,    1,  205,    1,   80,  215,   15,
47 max,245,  245,  240,    1,    1,    1,   85,    1,  195,  100,  210,
48 max,245,  245,  240,   55,    1,  217,    1,    1,  145,   85,  155,
49 max,245,  245,  240,   65,  110,  107,   95,  105,    1,  130,  105,
50 max,245,  245,  240,   62,   80,  140,  192,  165,  110,  130,  115,
51 max,245,  245,  240,    1,  160,    1,    1,  240,    1,  180,    1,
52 max,245,  245,  240,    1,    1,    1,  225,  155,    1,  165,    1,
53 max,245,  245,  240,  190,  187,  215,    1,    1,  215,    1,  160,
54 max,245,  245,  240,    1,    1,    1,    1,    1,   75,    1,    1,
55 max,245,  245,  240,  122,  187,  177,  245,  100,  202,    1,    1,
56 max,245,  245,  245,    1,    1,   75,  192,  127,    1,  212,    1,
57 max,245,  245,  245,  207,  120,  195,  245,  112,  170,    1,  170,
58 max,245,  245,  245,   95,  187,    1,  110,    1,  167,    1,    1,
59 max,245,  245,  245,  180,    1,  165,    1,    1,    1,  107,  105,
60 max,245,  245,  245,  105,    1,  157,  132,  120,    1,    1,  170,
61 max,245,  245,  245,    1,    1,    1,    1,    1,  120,    1,    1,
62 max,245,  245,  245,    1,  205,  180,  205,    1,  145,   90,  245,
63 max,245,  245,  245,  240,  150,  100,    1,  165,   90,    1,  115,
64 max,245,  245,  245,    1,  245,  245,  217,    1,   90,  185,   70,
65 max,245,  245,  245,  137,   90,    1,  185,  175,  245,  130,  195,
66 max,245,  245,  245,    1,  140,  185,  115,  100,  190,  175,  200,
67 max,245,  245,  245,  190,   60,    1,  212,    1,    1,  190,  170,
68 max,245,  245,  245,  197,  197,    1,    1,  165,    1,  165,  130,
69 max,245,  245,  245,  122,    1,  170,    1,  105,  200,    1,    1,
70 max,245,  245,  245,  170,    1,  170,    1,  175,  170,  135,  245,
71 max,245,  245,  245,  245,  245,    1,    1,    1,  215,    1,  192,
72 max,245,  245,  245,  220,  187,  165,  155,  135,    1,  170,    1,
73 max,245,  245,  245,    1,  212,    1,    1,  195,   95,    1,  182,
74 max,245,  245,  245,  142,    1,    1,  165,  200,  195,  197,  145,
75 max,245,  245,  245,   95,    1,    1,    1,  187,  245,    1,    1,
76 max,245,  245,  245,  245,  207,    1,    1,  185,    1,    1,  195,
77 max,245,  245,  245,  152,  100,  155,    1,    1,  160,  240,  185,
78 max,245,  245,  245,  115,  240,  157,   90,   90,  110,    1,  110,
79 max,245,  245,  245,   55,  147,    1,  155,  175,   85,   90,  245,
80 max,245,  245,  245,   85,   60,  165,   70,  167,   55,  155,   65,
81 max,245,  245,  245,    1,   60,    1,    1,  195,    1,  170,  190,
82 max,245,  245,  245,  210,  190,    1,    1,    1,  170,    1,  205,
83 max,245,  245,  245,  130,    1,  215,    1,  165,  135,   70,    1,
84 max,245,  245,  245,    1,  130,  185,    1,    1,  105,    1,  175,
85 max,245,  245,  245,    1,    1,  135,  100,  145,    1,  105,  130,
86 max,245,  245,  245,  210,  195,  185,    1,  185,  215,   35,   87,
87 max,245,  245,  245,  180,  175,  170,  180,    1,    1,  110,    1,
88 max,245,  245,  245,    1,    1,    1,  190,   55,    1,   70,  170,
89 max,245,  245,  245,   85,  115,    1,    1,    1,   90,    1,  180,
90 max,245,  245,  245,    1,    1,  157,    1,    1,  140,    1,  180,
91 max,245,  245,  245,  110,  195,    1,  130,  160,    1,  195,  245,
92 max,245,  245,  245,  157,    1,   90,    1,  180,    1,    1,    1,
93 max,245,  245,  245,    1,    1,    1,    1,    1,  145,  120,    1,
94 max,245,  245,  245,    1,  177,  217,  127,  225,  182,  182,    1,
95 max,245,  245,  245,  142,    1,    1,  217,    1,  152,  107,    1,
96 max,245,  245,  245,   87,    1,  132,    1,  227,  120,  162,    1,
97 max,245,  245,  245,    1,   40,    1,  227,  115,    1,   65,   77,
98 max,245,  245,  245,    1,  165,    1,  125,  137,  170,   35,    1,
99 max,245,  245,  245,  157,  162,    1,  170,  172,  162,  170,  120,
 0番目の染色体：0100010110	245
 1番目の染色体：0100010110	245
 2番目の染色体：0110010010	210
 3番目の染色体：0010000110	115
 4番目の染色体：0101001011	1
 5番目の染色体：0100000011	135
 6番目の染色体：0011100010	82
 7番目の染色体：0101111011	1
 8番目の染色体：0001100110	117
 9番目の染色体：0100010010	185
#generation 100, elite copy 0.200000, muterate 0.200000
#generation,best fitness,average,0,1,2,3,4,5,6,7,8,9,
0 max,160,    1,  100,  160,    1,  100,    1,    1,    1,    1,    1,
1 max,215,  160,  100,  130,  170,  215,    1,   65,   85,  170,    1,
2 max,215,  215,  170,  175,  190,   15,  145,  185,    1,  135,    1,
3 max,215,  215,  190,    1,  135,  110,  110,  215,    1,   60,  110,
4 max,215,  215,  215,    1,   85,  115,  190,  160,  190,  200,    1,
5 max,215,  215,  215,    1,  157,    1,  175,  135,   85,  190,    1,
6 max,215,  215,  215,  190,  170,  105,  122,  157,   80,  135,  107,
7 max,215,  215,  215,   97,  100,    1,  122,    1,    1,    1,    1,
8 max,215,  215,  215,  150,    1,    1,    1,    1,    1,    1,   52,
9 max,225,  215,  215,    1,    1,  225,  202,    1,  110,  135,    1,
10 max,225,  225,  215,  215,  202,    1,    1,  190,  145,  105,    1,
11 max,225,  225,  215,  105,  172,    1,    1,  102,    1,    1,  127,
12 max,225,  225,  215,    1,  160,    1,    1,   25,    1,   85,  160,
13 max,225,  225,  215,    1,    1,  135,   47,  110,   92,  132,  150,
14 max,225,  225,  215,  215,    1,    1,  145,  172,  150,    1,  195,
15 max,225,  225,  215,    1,  140,    1,  202,   65,  185,  195,  212,
16 max,225,  225,  215,  190,    1,  185,  110,    1,  130,  220,    1,
17 max,225,  225,  220,  115,  225,  185,  225,  215,    1,    1,   40,
18 max,225,  225,  225,    1,    1,    1,  125,    1,   95,  190,    1,
19 max,225,  225,  225,  150,    1,   60,  130,  160,  165,  175,    1,
20 max,225,  225,  225,  130,    1,  122,    1,    1,  150,    1,  205,
21 max,225,  225,  225,    1,    1,   90,  215,  110,  160,  120,    1,
22 max,235,  225,  225,  225,  235,    1,  150,  190,    1,  225,    1,
23 max,235,  235,  225,    1,  150,    1,    1,  145,  190,  165,  225,
24 max,235,  235,  225,  150,    1,  165,    1,    1,  150,   35,    1,
25 max,235,  235,  225,    1,    1,    1,  150,    1,    1,  175,    1,
26 max,235,  235,  225,  130,    1,    1,  112,    1,  180,  165,    1,
27 max,235,  235,  225,  187,    1,    1,  225,   90,    1,  145,    1,
28 max,235,  235,  225,  175,    1,    1,  180,    1,  180,  165,  215,
29 max,235,  235,  225,  145,    1,    1,    1,  105,  160,  135,    1,
30 max,235,  235,  225,    1,    1,    1,  100,    1,  160,  225,    1,
31 max,235,  235,  225,    1,  105,    1,  160,    1,  150,    1,  115,
32 max,235,  235,  225,    1,  180,   57,  180,  195,  175,  145,   35,
33 max,235,  235,  225,    1,    1,  145,  175,  137,    1,  215,   65,
34 max,235,  235,  225,  135,    1,  167,    1,    1,   90,  215,   60,
35 max,235,  235,  225,    1,    1,   70,    1,  162,    1,    1,  172,
36 max,235,  235,  225,  215,    1,  167,  180,  165,  130,    1,   57,
37 max,235,  235,  225,  177,  215,    1,    1,  192,    1,    1,    1,
38 max,235,  235,  225,  172,    1,    1,    1,    1,  197,  197,  182,
39 max,235,  235,  225,   70,  175,  172,    1,  102,    1,    1,    1,
40 max,235,  235,  225,    1,  180,  135,  172,    1,    1,  217,  175,
41 max,235,  235,  225,  142,  127,  197,  155,   32,    1,  110,  132,
42 max,235,  235,  225,    1,  170,    1,  115,    1,   90,  152,    1,
43 max,235,  235,  225,  150,    1,  117,   32,    1,    1,   62,    1,
44 max,245,  235,  225,  245,    1,  195,  112,  150,  225,    1,    1,
45 max,245,  245,  245,    1,   80,    1,  145,    1,    1,    1,  240,
46 max,245,  245,  245,  110,  245,  195,  170,    1,  110,    1,  215,
47 max,245,  245,  245,    1,    1,  132,  195,  167,    1,  132,    1,
48 max,245,  245,  245,    1,  140,    1,  110,  107,  180,    1,  170,
49 max,245,  245,  245,  170,    1,    1,  175,  170,    1,  245,    1,
50 max,245,  245,  245,    1,    1,    1,   30,    1,   60,    1,  170,
51 max,245,  245,  245,    1,  190,    1,  215,  170,  212,    1,  200,
52 max,245,  245,  245,  245,    1,    1,    1,  135,    1,  187,  112,
53 max,245,  245,  245,    1,  245,  130,    1,    1,  157,  137,    1,
54 max,245,  245,  245,  212,  190,    1,    1,  180,    1,  190,  175,
55 max,245,  245,  245,  240,  190,  240,  112,  165,    1,    1,  155,
56 max,245,  245,  245,    1,    1,    1,    1,    1,    1,  135,    1,
57 max,245,  245,  245,  140,  170,    1,  207,    1,  140,    1,    1,
58 max,245,  245,  245,  245,  245,  135,  122,  225,   65,  192,    1,
59 max,245,  245,  245,   52,    1,  127,    1,    1,    1,  215,    1,
60 max,245,  245,  245,    1,  245,    1,    1,  165,  245,    1,   90,
61 max,245,  245,  245,    1,  245,  170,  245,    1,    1,   90,    1,
62 max,245,  245,  245,  102,    1,    1,  170,    1,  105,   95,  120,
63 max,245,  245,  245,  110,  100,    1,  190,  165,    1,    1,    1,
64 max,245,  245,  245,    1,  135,  130,    1,   30,  190,  195,    1,
65 max,245,  245,  245,  132,  145,    1,   75,    1,  215,  120,   85,
66 max,245,  245,  245,  132,    1,  110,  145,   65,  145,  150,   47,
67 max,245,  245,  245,  150,  200,    1,  120,    1,    1,  140,    1,
68 max,245,  245,  245,   67,    1,    1,   70,    1,  170,  137,    1,
69 max,245,  245,  245,  142,    1,    1,  190,  170,    1,    1,  215,
70 max,245,  245,  245,  187,  190,  165,  205,    1,   70,  175,   95,
71 max,245,  245,  245,    1,  160,   80,    1,  100,    1,  177,  170,
72 max,245,  245,  245,  130,  165,  210,    1,   65,   55,    1,  170,
73 max,245,  245,  245,  130,  195,    1,  245,  185,   55,  135,    1,
74 max,245,  245,  245,  185,    1,  150,   95,  195,    1,   55,   55,
75 max,245,  245,  245,  210,   90,    1,    1,  185,    1,    1,  185,
76 max,245,  245,  245,    1,  207,    1,    1,    1,    1,  175,    1,
77 max,245,  245,  245,  180,    1,   75,    1,    1,  137,  105,    1,
78 max,245,  245,  245,  225,  165,  195,  150,  145,  225,  115,  240,
79 max,245,  245,  245,    1,    1,  157,    1,  245,  130,    1,    1,
80 max,245,  245,  245,    1,  245,    1,  145,  220,    1,  180,    1,
81 max,245,  245,  245,  110,  225,    1,   25,  160,  125,    1,  192,
82 max,245,  245,  245,    1,    1,    1,    1,  160,  245,    1,    1,
83 max,245,  245,  245,    1,    1,  195,    1,  200,  245,  225,  110,
84 max,245,  245,  245,    1,  245,    1,    1,    1,    1,  165,  205,
85 max,245,  245,  245,  165,    1,    1,    1,    1,    1,    1,  245,
86 max,245,  245,  245,    1,  105,    1,  170,    1,    1,    1,    1,
87 max,245,  245,  245,   55,    1,  185,  190,    1,    1,  217,  202,
88 max,245,  245,  245,    1,    1,  135,    1,    1,  212,    1,    1,
89 max,245,  245,  245,  182,  182,    1,  112,    1,    1,    1,    1,
90 max,245,  245,  245,  137,  190,  170,    1,   90,  147,  110,    1,
91 max,245,  245,  245,    1,  240,    1,    1,  115,  105,  185,   90,
92 max,245,  245,  245,  130,    1,    1,    1,  225,    1,    1,    1,
93 max,245,  245,  245,    1,  170,  195,  110,    1,    1,  165,    1,
94 max,245,  245,  245,  105,    1,  192,    1,   30,  205,  200,    1,
95 max,245,  245,  245,  202,  195,    1,  192,    1,  120,    1,    1,
96 max,245,  245,  245,    1,    1,  142,    1,    1,  170,    1,  180,
97 max,245,  245,  245,    1,   95,  195,  115,   77,  120,  205,  245,
98 max,245,  245,  245,  190,  190,    1,  180,  240,    1,    1,    1,
99 max,245,  245,  245,    1,    1,  165,  210,    1,  245,  245,    1,
 0番目の染色体：0100010110	245
 1番目の染色体：0100010110	245
 2番目の染色体：0100110110	1
 3番目の染色体：1101000010	142
 4番目の染色体：0110010001	1
 5番目の染色体：0000000110	90
 6番目の染色体：0101010100	1
 7番目の染色体：1000010110	175
 8番目の染色体：0100010110	245
 9番目の染色体：0111010010	1
#generation 100, elite copy 0.200000, muterate 0.200000
#generation,best fitness,average,0,1,2,3,4,5,6,7,8,9,
0 max,207,    1,   70,  140,  187,  207,    1,  175,    1,  127,    1,
1 max,207,  207,  187,  117,  152,  125,    1,  165,  207,   87,  202,
2 max,210,  207,  207,  157,  210,  170,    1,  167,    1,  147,    1,
3 max,210,  210,  207,   95,    1,  210,    1,  172,    1,  120,  147,
4 max,210,  210,  210,    1,  177,    1,  162,  172,   87,    1,  137,
5 max,210,  210,  210,  102,    1,   62,   30,    1,  172,    1,  202,
6 max,210,  210,  210,  155,    1,    1,    1,  210,  202,  202,  200,
7 max,210,  210,  210,  157,  130,  170,    1,  200,   37,  122,  205,
8 max,245,  210,  210,    1,    1,    1,  245,    1,  120,    1,  120,
9 max,245,  245,  210,  210,    1,    1,  145,  150,    1,  125,    1,
10 max,245,  245,  210,  150,  115,  227,  120,  180,    1,  150,  150,
11 max,245,  245,  227,    1,   82,    1,    1,    1,  165,    1,  180,
12 max,245,  245,  227,    1,    1,    1,  245,  187,    1,  175,    1,
13 max,245,  245,  245,    1,  192,  130,  140,  215,  150,    1,    1,
14 max,245,  245,  245,  245,  100,    1,   85,  207,  115,  235,    1,
15 max,245,  245,  245,   75,    1,    1,   80,  195,    1,    1,    1,
16 max,245,  245,  245,   30,  115,  105,  245,  165,   80,  195,  210,
17 max,245,  245,  245,    1,  210,    1,    1,  145,    1,  190,  112,
18 max,245,  245,  245,  225,  170,  190,  210,  100,  155,  140,    1,
19 max,245,  245,  245,  180,    1,  185,  120,  170,    1,  192,    1,
20 max,245,  245,  245,  245,    1,  190,  107,    1,  245,  180,  155,
21 max,245,  245,  245,  190,    1,  100,    1,  135,    1,  112,  185,
22 max,245,  245,  245,  170,  245,   85,    1,  185,    1,    1,  210,
23 max,245,  245,  245,  155,    1,  207,  195,    1,    1,    1,  155,
24 max,245,  245,  245,    1,  202,  195,    1,   27,    1,    1,  165,
25 max,245,  245,  245,    1,  160,    1,    1,  175,   90,  172,  185,
26 max,245,  245,  245,   65,   85,    1,  140,  165,  110,    1,    1,
27 max,245,  245,  245,  180,   10,  180,  170,  145,   65,    1,  165,
28 max,245,  245,  245,  200,  117,    1,   65,  165,   60,  145,    1,
29 max,245,  245,  245,    1,    1,  187,  185,  150,  145,    1,   10,
30 max,245,  245,  245,    1,    1,    1,  185,    1,  150,   75,    1,
31 max,245,  245,  245,  160,   60,  200,  155,    1,  115,  205,  170,
32 max,245,  245,  245,    1,  165,  205,  165,  115,    1,  175,  190,
33 max,245,  245,  245,  165,    1,    1,    1,    1,  245,  190,  245,
34 max,245,  245,  245,  190,  115,  245,    1,  185,    1,    1,  180,
35 max,245,  245,  245,  200,    1,    1,    1,    1,   30,  220,    1,
36 max,245,  245,  245,    1,  185,    1,  100,  185,    1,    1,   75,
37 max,245,  245,  245,  115,    1,  165,    1,    1,  120,    1,  217,
38 max,245,  245,  245,  180,  147,  195,    1,  132,  107,  120,    1,
39 max,245,  245,  245,  197,    1,    1,    1,  135,  125,    1,  180,
40 max,245,  245,  245,    1,    1,    1,  245,    1,    1,    1,    1,
41 max,245,  245,  245,    1,  100,    1,  165,  245,  195,   80,    1,
42 max,245,  245,  245,    1,    1,    1,  187,    1,   35,  175,    1,
43 max,245,  245,  245,  165,  165,    1,   90,   60,    1,    1,  120,
44 max,245,  245,  245,  105,    1,  245,   30,  205,    1,  100,    1,
45 max,245,  245,  245,  215,  205,  105,    1,    1,    1,  170,  155,
46 max,245,  245,  245,  185,    1,    1,  160,    1,    1,  185,  215,
47 max,245,  245,  245,  172,  240,  157,    1,  215,  210,  225,  170,
48 max,245,  245,  245,    1,  217,    1,    1,   92,  105,  187,  135,
49 max,245,  245,  245,  140,  140,    1,    1,  142,    1,  185,    1,
50 max,245,  245,  245,  245,    1,  110,    1,  167,    1,  157,  175,
51 max,245,  245,  245,  245,    1,  217,  185,  175,  170,  190,  187,
52 max,245,  245,  245,    1,  245,    1,    1,  140,  217,  195,  210,
53 max,245,  245,  245,  162,    5,    1,   80,  187,  192,  127,    1,
54 max,245,  245,  245,    1,  240,    1,  190,    1,  140,    1,  212,
55 max,245,  245,  245,  155,  180,    1,  207,    1,  185,  177,    1,
56 max,245,  245,  245,  167,    1,  122,  212,    1,    1,  182,    1,
57 max,245,  245,  245,   25,    1,    1,    1,  110,    1,  127,    1,
58 max,245,  245,  245,  110,  120,    1,    1,  245,    1,  110,  160,
59 max,245,  245,  245,    1,    1,  155,  192,  115,    1,  170,  210,
60 max,245,  245,  245,  155,  170,  135,  185,  210,  245,  225,  180,
61 max,245,  245,  245,    1,   90,    1,  165,  145,    1,  115,  197,
62 max,245,  245,  245,  112,    1,  175,  107,    1,  200,  195,    1,
63 max,245,  245,  245,  132,  155,  190,  125,  127,    1,  217,    1,
64 max,245,  245,  245,    1,  125,    1,  175,  235,  200,  210,  180,
65 max,245,  245,  245,   95,    1,    1,  145,    1,  190,    1,  175,
66 max,245,  245,  245,   75,  175,  190,    1,  120,    1,  225,  157,
67 max,245,  245,  245,    1,    1,   30,    1,    1,    1,    1,  207,
68 max,245,  245,  245,    1,  110,  110,    1,  190,  245,  132,  170,
69 max,245,  245,  245,  165,    1,    1,  145,  192,  165,    1,    1,
70 max,245,  245,  245,    1,  180,    1,    1,  112,  162,  100,    1,
71 max,245,  245,  245,    1,    1,   92,  180,    1,  127,  245,  135,
72 max,245,  245,  245,  210,  135,    1,  105,    1,  220,    1,  220,
73 max,245,  245,  245,  125,    1,  170,    1,  130,  160,    1,    1,
74 max,245,  245,  245,  115,  172,    1,    1,  170,   95,  145,    1,
75 max,245,  245,  245,    1,  172,  187,  110,  212,    1,  135,   75,
76 max,245,  245,  245,    1,  130,    1,    1,    1,  190,    1,  180,
77 max,245,  245,  245,    1,  140,    1,  155,    1,  185,    1,  165,
78 max,245,  245,  245,    1,  165,    1,  160,    1,  245,    1,    1,
79 max,245,  245,  245,   60,    1,    1,    1,    1,   30,  125,  155,
80 max,245,  245,  245,    1,    1,    1,    1,    1,  155,  215,  155,
81 max,245,  245,  245,    1,  170,   80,  150,    1,    1,  185,  165,
82 max,245,  245,  245,    1,    1,    1,    1,  245,  187,    1,    1,
83 max,245,  245,  245,    1,    1,  175,    1,    1,  215,  127,    1,
84 max,245,  245,  245,    1,   60,    1,  180,  172,    1,  162,  195,
85 max,245,  245,  245,  170,    1,  195,  170,    1,    1,  170,    1,
86 max,245,  245,  245,    1,    1,  130,  135,  190,    1,    1,    1,
87 max,245,  245,  245,    1,  140,    1,  172,    1,  125,    1,  130,
88 max,245,  245,  245,   10,  177,  135,  112,  140,   65,  225,    1,
89 max,245,  245,  245,  197,  145,  135,    1,  130,  225,    1,  177,
90 max,245,  245,  245,    1,  132,    1,  192,  100,   65,   47,  142,
91 max,245,  245,  245,  170,  210,    1,  190,  187,    1,   80,   90,
92 max,245,  245,  245,  145,  110,   10,  192,    1,    1,  135,    1,
93 max,245,  245,  245,   97,  245,  200,    1,    1,  215,  130,  245,
94 max,245,  245,  245,    1,   97,    1,   92,  187,  112,    1,    1,
95 max,245,  245,  245,    1,   70,  197,  162,  177,  202,    1,    1,
96 max,245,  245,  245,  172,  192,    1,  192,  202,  155,   65,    1,
97 max,245,  245,  245,  192,    1,    1,  112,  217,  105,  155,  212,
98 max,245,  245,  245,    1,    1,  212,  157,  180,    1,  192,  187,
99 max,245,  245,  245,  145,    1,    1,  137,    1,  102,   52,  145,
 0番目の染色体：0100010110	245
 1番目の染色体：0100010110	245
 2番目の染色体：1010010000	110
 3番目の染色体：0011001110	207
 4番目の染色体：1001010110	197
 5番目の染色体：1101001010	212
 6番目の染色体：0010011010	200
 7番目の染色体：0100000110	170
 8番目の染色体：0000101000	75
 9番目の染色体：1000000110	100
#generation 100, elite copy 0.200000, muterate 0.200000
#generation,best fitness,average,0,1,2,3,4,5,6,7,8,9,
0 max,142,    1,    1,    1,    1,    1,    1,    1,  115,  142,    1,
1 max,182,  142,  115,    1,  127,    1,  110,  182,  180,  107,    1,
2 max,182,  182,  180,  175,    1,  127,    1,    1,  137,   50,    1,
3 max,182,  182,  180,  175,    1,    1,  152,  180,  130,    1,  155,
4 max,182,  182,  180,  170,  165,  130,  120,  125,    1,    1,  110,
5 max,182,  182,  180,  100,  125,    1,    1,    1,  165,  110,  132,
6 max,182,  182,  180,  122,    1,    1,  137,  137,  170,   80,   47,
7 max,215,  182,  180,  215,  187,    1,    1,  105,    1,  100,    1,
8 max,215,  215,  187,  212,    1,   30,  165,   60,    1,  152,  140,
9 max,215,  215,  212,    1,   97,  115,  140,  135,  112,  135,    1,
10 max,215,  215,  212,  187,    1,  157,  162,    1,  165,  212,   97,
11 max,225,  215,  212,  215,  162,    1,  152,  107,  105,  225,  140,
12 max,225,  225,  215,  130,  200,  115,    1,   80,    1,  137,  140,
13 max,225,  225,  215,  162,  177,    1,    1,  105,    1,  175,    1,
14 max,225,  225,  215,    1,  202,    1,    1,    1,  177,   85,  135,
15 max,240,  225,  215,   70,    1,    1,   80,  110,  240,  127,    1,
16 max,240,  240,  240,  127,  105,    1,  180,  150,    1,    1,    1,
17 max,245,  240,  240,  105,   40,  147,   80,   92,  245,  177,  140,
18 max,245,  245,  240,    1,    1,    1,  157,    1,  210,  240,    1,
19 max,245,  245,  240,    1,  190,  210,  180,  185,   97,    1,  100,
20 max,245,  245,  240,  192,  140,  127,  155,  215,  127,    1,  100,
21 max,245,  245,  240,    1,  165,    1,  157,    1,   22,  215,  185,
22 max,245,  245,  240,    1,  235,    1,   30,    1,  225,  170,  170,
23 max,245,  245,  240,  215,    1,    1,  110,  115,    1,    1,    1,
24 max,245,  245,  240,    1,    1,    1,  167,    1,    1,    1,  215,
25 max,245,  245,  240,  140,    1,  200,  240,  245,  182,  167,   60,
26 max,245,  245,  245,    1,    1,  182,    1,  160,  167,    1,    1,
27 max,245,  245,  245,  122,    1,    1,    1,  210,  185,  165,  140,
28 max,245,  245,  245,  165,  147,   25,    1,  110,  107,   25,    1,
29 max,245,  245,  245,  185,    1,    1,    1,  155,  180,  110,  107,
30 max,245,  245,  245,  100,  110,  182,  190,    1,    1,   85,  185,
31 max,245,  245,  245,    1,  245,    1,  190,  220,  155,  185,  190,
32 max,245,  245,  245,    1,    1,    1,  195,    1,  175,    1,    1,
33 max,245,  245,  245,    1,    1,  170,    1,    1,  115,    1,  105,
34 max,245,  245,  245,    1,    1,  195,  195,    1,    1,    1,   25,
35 max,245,  245,  245,  205,  155,  195,  245,    1,    1,    1,   85,
36 max,245,  245,  245,  195,  190,   10,  245,  195,  245,    1,  192,
37 max,245,  245,  245,  215,   30,  205,  140,  245,  210,    1,    1,
38 max,245,  245,  245,  135,  225,  195,    1,  195,    1,    1,  135,
39 max,245,  245,  245,  160,    1,    1,    1,  157,  180,  110,  162,
40 max,245,  245,  245,  245,  225,  210,  165,  175,  160,    1,  135,
41 max,245,  245,  245,    1,  190,  160,  165,    1,    1,  185,  165,
42 max,245,  245,  245,    1,  152,    1,  140,    1,  147,   95,    1,
43 max,245,  245,  245,  245,    1,    1,  150,    1,    1,  165,  245,
44 max,245,  245,  245,    1,  125,    1,   75,   85,  170,  170,  215,
45 max,245,  245,  245,   52,    1,  160,  160,   90,  180,  155,  195,
46 max,245,  245,  245,  110,  145,    1,    1,  215,  160,  130,  245,
47 max,245,  245,  245,   35,  162,    1,  100,  175,  170,    1,   97,
48 max,245,  245,  245,  155,  160,    1,  137,    1,  210,    1,    1,
49 max,245,  245,  245,  175,  135,  122,    1,    1,  185,  240,    1,
50 max,245,  245,  245,  165,    1,  185,  160,    1,    1,  190,    1,
51 max,245,  245,  245,  225,    1,   65,  187,  165,    1,  165,    1,
52 max,245,  245,  245,  150,  160,  170,    1,    1,    1,  175,  245,
53 max,245,  245,  245,    1,  125,  160,  212,   90,  145,  215,  195,
54 max,245,  245,  245,    1,    1,  205,    1,  140,    1,  215,  132,
55 max,245,  245,  245,    1,  180,  177,  200,  152,  190,  180,  182,
56 max,245,  245,  245,    1,  157,    1,    1,  200,    1,  140,    1,
57 max,245,  245,  245,  152,  120,  175,    1,    1,    1,  165,  215,
58 max,245,  245,  245,   32,  195,    1,    1,  112,  165,    1,  235,
59 max,245,  245,  245,    1,  180,   97,    1,  120,  162,  147,    1,
60 max,245,  245,  245,  132,    1,  245,    1,  185,  175,    1,   65,
61 max,245,  245,  245,    1,    1,  140,    1,  120,  170,    1,    1,
62 max,245,  245,  245,  135,    1,    1,    1,  170,    1,    1,  195,
63 max,245,  245,  245,  185,   85,  245,    1,  165,    1,  135,  165,
64 max,245,  245,  245,    1,  175,    1,    1,  132,    1,  245,    1,
65 max,245,  245,  245,    1,  245,  170,  185,  115,  245,    1,    1,
66 max,245,  245,  245,  200,    1,    1,    1,   55,  245,   85,    1,
67 max,245,  245,  245,    1,  112,  185,  245,  165,  200,    1,   95,
68 max,245,  245,  245,  175,    1,  180,  145,   90,  217,    1,  245,
69 max,245,  245,  245,    1,    1,    1,    1,  135,  160,  245,   85,
70 max,245,  245,  245,  175,    1,   95,    1,  107,  217,    1,  145,
71 max,245,  245,  245,  207,  162,   40,    1,  165,    1,  180,  170,
72 max,245,  245,  245,  227,    1,  197,   95,  167,    1,  175,  157,
73 max,245,  245,  245,  105,  195,    1,    1,  185,    1,    1,  217,
74 max,245,  245,  245,    1,    1,    1,  132,    1,    1,    1,  195,
75 max,245,  245,  245,  197,    1,  240,    1,  207,  102,  190,  167,
76 max,245,  245,  245,   40,  197,    1,  142,    1,  180,    1,    1,
77 max,245,  245,  245,    1,    1,  185,  142,    1,   85,  110,    1,
78 max,245,  245,  245,  107,    1,  157,    1,  207,    1,    1,  100,
79 max,245,  245,  245,  115,  180,  175,  100,  227,    1,  112,  105,
80 max,245,  245,  245,  245,    1,  100,    1,    1,  155,  185,  210,
81 max,245,  245,  245,    1,  170,  217,    1,  215,    1,  197,    1,
82 max,245,  245,  245,  245,  175,  185,    1,    1,  187,  180,    1,
83 max,245,  245,  245,    1,  190,  215,  105,  195,  115,  205,    1,
84 max,245,  245,  245,    1,  177,  185,    1,    1,    1,  115,  217,
85 max,245,  245,  245,    1,    0,  170,    1,  197,  155,    1,    1,
86 max,245,  245,  245,    1,    1,    1,  120,    1,  132,  195,  220,
87 max,245,  245,  245,  142,    1,  125,    1,   65,  100,  170,    1,
88 max,245,  245,  245,  130,    1,  195,  170,  175,    1,    1,  170,
89 max,245,  245,  245,    1,    1,   35,    1,   80,    1,  120,  142,
90 max,245,  245,  245,  245,   90,   85,    1,   65,    1,  175,  117,
91 max,245,  245,  245,  172,  110,  110,  167,    1,  140,    1,   95,
92 max,245,  245,  245,    1,  192,  160,    1,  137,  240,    1,  170,
93 max,245,  245,  245,    1,   10,  245,  145,  177,    1,    1,  160,
94 max,245,  245,  245,  175,    1,    1,    1,    1,    1,  180,    1,
95 max,245,  245,  245,  105,  240,    1,  240,  240,    1,  155,   95,
96 max,245,  245,  245,  147,   95,  177,    1,   92,  170,   25,  195,
97 max,245,  245,  245,    1,   70,   92,  165,  170,  195,  125,  107,
98 max,245,  245,  245,  170,    1,  220,  210,  190,  190,  177,    1,
99 max,245,  245,  245,   77,    1,    1,    1,    1,  245,  205,    1,
 0番目の染色体：0100010110	245
 1番目の染色体：0100010110	245
 2番目の染色体：0000010001	100
 3番目の染色体：0011001111	1
 4番目の染色体：0010110100	165
 5番目の染色体：1001000011	87
 6番目の染色体：0001010110	187
 7番目の染色体：0100000110	170
 8番目の染色体：0100100011	140
 9番目の染色体：0001010010	127
#generation 100, elite copy 0.200000, muterate 0.200000
#generation,best fitness,average,0,1,2,3,4,5,6,7,8,9,
0 max,142,    1,    1,    1,    1,    1,    1,    1,  115,  142,    1,
1 max,182,  142,  115,    1,  127,    1,  110,  182,  180,  107,    1,
2 max,182,  182,  180,  175,    1,  127,    1,    1,  137,   50,    1,
3 max,182,  182,  180,  175,    1,    1,  152,  180,  130,    1,  155,
4 max,182,  182,  180,  170,  165,  130,  120,  125,    1,    1,  110,
5 max,182,  182,  180,  100,  125,    1,    1,    1,  165,  110,  132,
6 max,182,  182,  180,  122,    1,    1,  137,  137,  170,   80,   47,
7 max,215,  182,  180,  215,  187,    1,    1,  105,    1,  100,    1,
8 max,215,  215,  187,  212,    1,   30,  165,   60,    1,  152,  140,
9 max,215,  215,  212,    1,   97,  115,  140,  135,  112,  135,    1,
10 max,215,  215,  212,  187,    1,  157,  162,    1,  165,  212,   97,
11 max,225,  215,  212,  215,  162,    1,  152,  107,  105,  225,  140,
12 max,225,  225,  215,  130,  200,  115,    1,   80,    1,  137,  140,
13 max,225,  225,  215,  162,  177,    1,    1,  105,    1,  175,    1,
14 max,225,  225,  215,    1,  202,    1,    1,    1,  177,   85,  135,
15 max,240,  225,  215,   70,    1,    1,   80,  110,  240,  127,    1,
16 max,240,  240,  240,  127,  105,    1,  180,  150,    1,    1,    1,
17 max,245,  240,  240,  105,   40,  147,   80,   92,  245,  177,  140,
18 max,245,  245,  240,    1,    1,    1,  157,    1,  210,  240,    1,
19 max,245,  245,  240,    1,  190,  210,  180,  185,   97,    1,  100,
20 max,245,  245,  240,  192,  140,  127,  155,  215,  127,    1,  100,
21 max,245,  245,  240,    1,  165,    1,  157,    1,   22,  215,  185,
22 max,245,  245,  240,    1,  235,    1,   30,    1,  225,  170,  170,
23 max,245,  245,  240,  215,    1,    1,  110,  115,    1,    1,    1,
24 max,245,  245,  240,    1,    1,    1,  167,    1,    1,    1,  215,
25 max,245,  245,  240,  140,    1,  200,  240,  245,  182,  167,   60,
26 max,245,  245,  245,    1,    1,  182,    1,  160,  167,    1,    1,
27 max,245,  245,  245,  122,    1,    1,    1,  210,  185,  165,  140,
28 max,245,  245,  245,  165,  147,   25,    1,  110,  107,   25,    1,
29 max,245,  245,  245,  185,    1,    1,    1,  155,  180,  110,  107,
30 max,245,  245,  245,  100,  110,  182,  190,    1,    1,   85,  185,
31 max,245,  245,  245,    1,  245,    1,  190,  220,  155,  185,  190,
32 max,245,  245,  245,    1,    1,    1,  195,    1,  175,    1,    1,
33 max,245,  245,  245,    1,    1,  170,    1,    1,  115,    1,  105,
34 max,245,  245,  245,    1,    1,  195,  195,    1,    1,    1,   25,
35 max,245,  245,  245,  205,  155,  195,  245,    1,    1,    1,   85,
36 max,245,  245,  245,  195,  190,   10,  245,  195,  245,    1,  192,
37 max,245,  245,  245,  215,   30,  205,  140,  245,  210,    1,    1,
38 max,245,  245,  245,  135,  225,  195,    1,  195,    1,    1,  135,
39 max,245,  245,  245,  160,    1,    1,    1,  157,  180,  110,  162,
40 max,245,  245,  245,  245,  225,  210,  165,  175,  160,    1,  135,
41 max,245,  245,  245,    1,  190,  160,  165,    1,    1,  185,  165,
42 max,245,  245,  245,    1,  152,    1,  140,    1,  147,   95,    1,
43 max,245,  245,  245,  245,    1,    1,  150,    1,    1,  165,  245,
44 max,245,  245,  245,    1,  125,    1,   75,   85,  170,  170,  215,
45 max,245,  245,  245,   52,    1,  160,  160,   90,  180,  155,  195,
46 max,245,  245,  245,  110,  145,    1,    1,  215,  160,  130,  245,
47 max,245,  245,  245,   35,  162,    1,  100,  175,  170,    1,   97,
48 max,245,  245,  245,  155,  160,    1,  137,    1,  210,    1,    1,
49 max,245,  245,  245,  175,  135,  122,    1,    1,  185,  240,    1,
50 max,245,  245,  245,  165,    1,  185,  160,    1,    1,  190,    1,
51 max,245,  245,  245,  225,    1,   65,  187,  165,    1,  165,    1,
52 max,245,  245,  245,  150,  160,  170,    1,    1,    1,  175,  245,
53 max,245,  245,  245,    1,  125,  160,  212,   90,  145,  215,  195,
54 max,245,  245,  245,    1,    1,  205,    1,  140,    1,  215,  132,
55 max,245,  245,  245,    1,  180,  177,  200,  152,  190,  180,  182,
56 max,245,  245,  245,    1,  157,    1,    1,  200,    1,  140,    1,
57 max,245,  245,  245,  152,  120,  175,    1,    1,    1,  165,  215,
58 max,245,  245,  245,   32,  195,    1,    1,  112,  165,    1,  235,
59 max,245,  245,  245,    1,  180,   97,    1,  120,  162,  147,    1,
60 max,245,  245,  245,  132,    1,  245,    1,  185,  175,    1,   65,
61 max,245,  245,  245,    1,    1,  140,    1,  120,  170,    1,    1,
62 max,245,  245,  245,  135,    1,    1,    1,  170,    1,    1,  195,
63 max,245,  245,  245,  185,   85,  245,    1,  165,    1,  135,  165,
64 max,245,  245,  245,    1,  175,    1,    1,  132,    1,  245,    1,
65 max,245,  245,  245,    1,  245,  170,  185,  115,  245,    1,    1,
66 max,245,  245,  245,  200,    1,    1,    1,   55,  245,   85,    1,
67 max,245,  245,  245,    1,  112,  185,  245,  165,  200,    1,   95,
68 max,245,  245,  245,  175,    1,  180,  145,   90,  217,    1,  245,
69 max,245,  245,  245,    1,    1,    1,    1,  135,  160,  245,   85,
70 max,245,  245,  245,  175,    1,   95,    1,  107,  217,    1,  145,
71 max,245,  245,  245,  207,  162,   40,    1,  165,    1,  180,  170,
72 max,245,  245,  245,  227,    1,  197,   95,  167,    1,  175,  157,
73 max,245,  245,  245,  105,  195,    1,    1,  185,    1,    1,  217,
74 max,245,  245,  245,    1,    1,    1,  132,    1,    1,    1,  195,
75 max,245,  245,  245,  197,    1,  240,    1,  207,  102,  190,  167,
76 max,245,  245,  245,   40,  197,    1,  142,    1,  180,    1,    1,
77 max,245,  245,  245,    1,    1,  185,  142,    1,   85,  110,    1,
78 max,245,  245,  245,  107,    1,  157,    1,  207,    1,    1,  100,
79 max,245,  245,  245,  115,  180,  175,  100,  227,    1,  112,  105,
80 max,245,  245,  245,  245,    1,  100,    1,    1,  155,  185,  210,
81 max,245,  245,  245,    1,  170,  217,    1,  215,    1,  197,    1,
82 max,245,  245,  245,  245,  175,  185,    1,    1,  187,  180,    1,
83 max,245,  245,  245,    1,  190,  215,  105,  195,  115,  205,    1,
84 max,245,  245,  245,    1,  177,  185,    1,    1,    1,  115,  217,
85 max,245,  245,  245,    1,    0,  170,    1,  197,  155,    1,    1,
86 max,245,  245,  245,    1,    1,    1,  120,    1,  132,  195,  220,
87 max,245,  245,  245,  142,    1,  125,    1,   65,  100,  170,    1,
88 max,245,  245,  245,  130,    1,  195,  170,  175,    1,    1,  170,
89 max,245,  245,  245,    1,    1,   35,    1,   80,    1,  120,  142,
90 max,245,  245,  245,  245,   90,   85,    1,   65,    1,  175,  117,
91 max,245,  245,  245,  172,  110,  110,  167,    1,  140,    1,   95,
92 max,245,  245,  245,    1,  192,  160,    1,  137,  240,    1,  170,
93 max,245,  245,  245,    1,   10,  245,  145,  177,    1,    1,  160,
94 max,245,  245,  245,  175,    1,    1,    1,    1,    1,  180,    1,
95 max,245,  245,  245,  105,  240,    1,  240,  240,    1,  155,   95,
96 max,245,  245,  245,  147,   95,  177,    1,   92,  170,   25,  195,
97 max,245,  245,  245,    1,   70,   92,  165,  170,  195,  125,  107,
98 max,245,  245,  245,  170,    1,  220,  210,  190,  190,  177,    1,
99 max,245,  245,  245,   77,    1,    1,    1,    1,  245,  205,    1,
 0番目の染色体：0100010110	245
 1番目の染色体：0100010110	245
 2番目の染色体：0000010001	100
 3番目の染色体：0011001111	1
 4番目の染色体：0010110100	165
 5番目の染色体：1001000011	87
 6番目の染色体：0001010110	187
 7番目の染色体：0100000110	170
 8番目の染色体：0100100011	140
 9番目の染色体：0001010010	127
#generation 100, elite copy 0.200000, muterate 0.200000
#generation,best fitness,average,0,1,2,3,4,5,6,7,8,9,
0 max,225,  137,   95,  225,    1,    1,  147,  185,    1,   50,    1,
1 max,225,  225,  185,  165,  185,  120,    1,    1,  110,   92,    1,
2 max,240,  225,  185,    1,  202,    1,  240,  102,   40,    1,  195,
3 max,240,  240,  240,    1,    1,    1,  155,  102,    1,  210,    1,
4 max,240,  240,  240,    1,  175,  210,    1,  240,  200,  195,    1,
5 max,240,  240,  240,    1,  240,    1,  140,    1,  122,  197,    1,
6 max,240,  240,  240,  145,    1,    1,  125,  130,  160,  155,   47,
7 max,240,  240,  240,  137,   75,  175,   55,    1,    1,   60,  225,
8 max,240,  240,  240,  107,  205,  170,  105,  162,  120,  170,  205,
9 max,240,  240,  240,    1,  115,    1,   37,  165,  135,    1,  122,
10 max,240,  240,  240,  170,    1,   85,    1,    1,  190,    1,    1,
11 max,240,  240,  240,    1,  240,  140,    1,  120,    1,  160,  210,
12 max,240,  240,  240,    1,  130,  240,  180,  155,    1,    1,  195,
13 max,240,  240,  240,  225,  240,  235,  240,    1,  190,  185,  170,
14 max,240,  240,  240,  175,  100,  160,    1,    1,  185,  110,  190,
15 max,240,  240,  240,  195,    1,    1,  165,    1,  195,    1,    1,
16 max,240,  240,  240,    1,  110,  115,    1,  205,    1,  195,  100,
17 max,245,  240,  240,  245,  200,    1,    1,    1,    1,  195,  210,
18 max,245,  245,  240,   85,    1,    1,  210,  170,  155,    1,  190,
19 max,245,  245,  240,  195,  215,  195,    1,    1,   90,   95,  177,
20 max,245,  245,  240,  177,  180,    1,  135,  170,  155,    1,    1,
21 max,245,  245,  240,    1,  200,    1,    1,  245,  170,  177,  145,
22 max,245,  245,  245,  185,  167,  245,    1,  155,    1,    1,  245,
23 max,245,  245,  245,    1,    1,    1,  240,  107,  215,    1,    1,
24 max,245,  245,  245,  130,    1,    1,    1,    1,    1,    1,  105,
25 max,245,  245,  245,    1,  135,    1,    1,    1,    1,  185,  245,
26 max,245,  245,  245,    1,  245,  155,  160,  185,    1,    1,  215,
27 max,245,  245,  245,  197,  180,    1,    1,   62,    1,  190,    0,
28 max,245,  245,  245,  205,  190,    1,    1,    1,  172,  115,    1,
29 max,245,  245,  245,  105,    1,  140,  172,  227,  180,  197,    1,
30 max,245,  245,  245,    1,  245,  240,    1,    1,  162,  140,  245,
31 max,245,  245,  245,  110,    1,  190,    1,    1,    1,  207,    1,
32 max,245,  245,  245,  182,    1,    1,  207,  192,  185,  195,    1,
33 max,245,  245,  245,    1,  215,  190,    1,  175,    1,    1,    1,
34 max,245,  245,  245,  145,    1,    1,  215,    1,  117,    1,  120,
35 max,245,  245,  245,  115,  175,  180,   85,  170,  200,  120,  185,
36 max,245,  245,  245,  175,  165,  142,    1,  170,  195,  197,  130,
37 max,245,  245,  245,  195,  185,   90,    1,  167,    1,  132,   90,
38 max,245,  245,  245,  130,   95,    1,    1,    1,    1,    1,    1,
39 max,245,  245,  245,  165,  130,  145,  170,    1,    1,    1,  195,
40 max,245,  245,  245,  190,  185,    1,  100,  165,    1,  185,    1,
41 max,245,  245,  245,    1,    1,    1,  165,  130,    1,    1,  165,
42 max,245,  245,  245,  145,   72,   55,  152,    1,  105,    1,  245,
43 max,245,  245,  245,  185,  245,  195,  212,    1,  245,    1,  245,
44 max,245,  245,  245,  245,  245,  185,  125,  170,    1,    1,  185,
45 max,245,  245,  245,  245,  122,    1,    1,  192,    1,    1,  170,
46 max,245,  245,  245,  135,    1,    1,    1,  185,    1,  162,  185,
47 max,245,  245,  245,  195,    1,  197,    1,  170,  120,   80,  170,
48 max,245,  245,  245,   90,    1,    1,    1,    1,  180,  170,  165,
49 max,245,  245,  245,  205,  220,    1,    1,  165,    1,    1,    1,
50 max,245,  245,  245,   75,    1,  140,    1,    1,  170,  180,  180,
51 max,245,  245,  245,   75,  140,  160,    1,    1,   85,    1,  150,
52 max,245,  245,  245,   85,  102,  145,  170,  160,  170,   85,   35,
53 max,245,  245,  245,   25,  195,  215,  135,  165,  100,  182,   85,
54 max,245,  245,  245,  120,    1,  137,  162,  195,   85,  240,  165,
55 max,245,  245,  245,  225,    1,  245,  137,    1,  157,    1,  217,
56 max,245,  245,  245,  190,    1,  152,  190,    1,  190,  160,    1,
57 max,245,  245,  245,    1,    1,  115,    1,  165,  192,    1,  130,
58 max,245,  245,  245,  115,    1,    1,  130,  115,  105,  110,  185,
59 max,245,  245,  245,    1,  115,    1,    1,    1,  200,  137,    1,
60 max,245,  245,  245,    1,  140,  170,  115,    1,    1,  217,  177,
61 max,245,  245,  245,  102,    1,  145,  205,    1,  185,  217,    1,
62 max,245,  245,  245,    1,   70,  150,    1,    1,   52,    1,    1,
63 max,245,  245,  245,    1,    1,    1,   75,  160,    1,    1,    1,
64 max,245,  245,  245,   15,    1,    1,  170,  105,    1,  205,  140,
65 max,245,  245,  245,  160,  127,  170,   85,  180,    1,  160,  182,
66 max,245,  245,  245,    1,  185,    1,    1,  110,  185,  240,    1,
67 max,245,  245,  245,    1,    1,  185,  195,  212,  225,    1,  240,
68 max,245,  245,  245,  170,    1,    1,  202,  187,  190,  147,  175,
69 max,245,  245,  245,  100,    1,    1,   90,  165,    1,    1,   60,
70 max,245,  245,  245,    1,  160,  145,    1,    1,  190,    1,    1,
71 max,245,  245,  245,  115,  195,    1,  170,  165,  200,    1,  155,
72 max,245,  245,  245,  167,  245,    1,   35,    1,    1,  140,  130,
73 max,245,  245,  245,    1,    1,    1,   75,    1,    1,  245,  200,
74 max,245,  245,  245,  175,   22,    1,    1,    1,    1,  245,   22,
75 max,245,  245,  245,  157,  157,  202,   80,  180,  185,  195,  135,
76 max,245,  245,  245,  172,    1,  175,    1,   60,    1,   75,    1,
77 max,245,  245,  245,  160,  137,    1,   75,   85,  130,  135,   30,
78 max,245,  245,  245,  167,  202,    1,    1,  122,  132,    1,  215,
79 max,245,  245,  245,    1,    1,    1,   75,   97,  135,  215,    1,
80 max,245,  245,  245,  185,  185,  245,  145,   80,    1,    1,  155,
81 max,245,  245,  245,  117,  110,    1,  245,    1,    1,  170,    1,
82 max,245,  245,  245,    1,  245,  110,   52,  195,  215,    1,  195,
83 max,245,  245,  245,    1,    1,  190,    1,  207,    1,  215,  110,
84 max,245,  245,  245,  182,  132,  192,    1,    1,  105,    1,    1,
85 max,245,  245,  245,  215,   57,  132,  155,  142,  177,    1,    1,
86 max,245,  245,  245,  140,  115,    1,    1,  215,    1,   82,    1,
87 max,245,  245,  245,    1,    1,    1,  220,   75,  170,  187,  140,
88 max,245,  245,  245,  170,    1,   75,  140,    1,  220,    1,  195,
89 max,245,  245,  245,    1,  160,  107,  125,    1,    1,    1,  182,
90 max,245,  245,  245,    1,  190,    1,    1,    1,  205,  160,    1,
91 max,245,  245,  245,  185,  145,    0,  102,    1,    1,    1,  170,
92 max,245,  245,  245,  162,  200,    1,    1,   55,    1,    1,  112,
93 max,245,  245,  245,    1,  215,  245,  215,    1,  220,  165,  195,
94 max,245,  245,  245,  170,    1,    1,  225,    1,  185,  215,  245,
95 max,245,  245,  245,    1,  245,  240,    1,  177,  180,  245,    1,
96 max,245,  245,  245,    1,  245,    1,    1,  200,    1,    1,  225,
97 max,245,  245,  245,    1,  215,    1,    1,  245,  225,    1,   97,
98 max,245,  245,  245,  205,    1,  165,    1,  245,    1,  175,    1,
99 max,245,  245,  245,    1,  215,  180,    1,  240,  150,    1,  215,
 0番目の染色体：0100010110	245
 1番目の染色体：0100010110	245
 2番目の染色体：1100110100	1
 3番目の染色体：0101010100	1
 4番目の染色体：0001001101	1
 5番目の染色体：1010100100	100
 6番目の染色体：0000000010	30
 7番目の染色体：0110000110	195
 8番目の染色体：0000011111	1
 9番目の染色体：1010000101	120
#generation 100, elite copy 0.200000, muterate 0.200000
#generation,best fitness,average,0,1,2,3,4,5,6,7,8,9,
0 max,225,  137,   95,  225,    1,    1,  147,  185,    1,   50,    1,
1 max,225,  225,  185,  165,  185,  120,    1,    1,  110,   92,    1,
2 max,240,  225,  185,    1,  202,    1,  240,  102,   40,    1,  195,
3 max,240,  240,  240,    1,    1,    1,  155,  102,    1,  210,    1,
4 max,240,  240,  240,    1,  175,  210,    1,  240,  200,  195,    1,
5 max,240,  240,  240,    1,  240,    1,  140,    1,  122,  197,    1,
6 max,240,  240,  240,  145,    1,    1,  125,  130,  160,  155,   47,
7 max,240,  240,  240,  137,   75,  175,   55,    1,    1,   60,  225,
8 max,240,  240,  240,  107,  205,  170,  105,  162,  120,  170,  205,
9 max,240,  240,  240,    1,  115,    1,   37,  165,  135,    1,  122,
10 max,240,  240,  240,  170,    1,   85,    1,    1,  190,    1,    1,
11 max,240,  240,  240,    1,  240,  140,    1,  120,    1,  160,  210,
12 max,240,  240,  240,    1,  130,  240,  180,  155,    1,    1,  195,
13 max,240,  240,  240,  225,  240,  235,  240,    1,  190,  185,  170,
14 max,240,  240,  240,  175,  100,  160,    1,    1,  185,  110,  190,
15 max,240,  240,  240,  195,    1,    1,  165,    1,  195,    1,    1,
16 max,240,  240,  240,    1,  110,  115,    1,  205,    1,  195,  100,
17 max,245,  240,  240,  245,  200,    1,    1,    1,    1,  195,  210,
18 max,245,  245,  240,   85,    1,    1,  210,  170,  155,    1,  190,
19 max,245,  245,  240,  195,  215,  195,    1,    1,   90,   95,  177,
20 max,245,  245,  240,  177,  180,    1,  135,  170,  155,    1,    1,
21 max,245,  245,  240,    1,  200,    1,    1,  245,  170,  177,  145,
22 max,245,  245,  245,  185,  167,  245,    1,  155,    1,    1,  245,
23 max,245,  245,  245,    1,    1,    1,  240,  107,  215,    1,    1,
24 max,245,  245,  245,  130,    1,    1,    1,    1,    1,    1,  105,
25 max,245,  245,  245,    1,  135,    1,    1,    1,    1,  185,  245,
26 max,245,  245,  245,    1,  245,  155,  160,  185,    1,    1,  215,
27 max,245,  245,  245,  197,  180,    1,    1,   62,    1,  190,    0,
28 max,245,  245,  245,  205,  190,    1,    1,    1,  172,  115,    1,
29 max,245,  245,  245,  105,    1,  140,  172,  227,  180,  197,    1,
30 max,245,  245,  245,    1,  245,  240,    1,    1,  162,  140,  245,
31 max,245,  245,  245,  110,    1,  190,    1,    1,    1,  207,    1,
32 max,245,  245,  245,  182,    1,    1,  207,  192,  185,  195,    1,
33 max,245,  245,  245,    1,  215,  190,    1,  175,    1,    1,    1,
34 max,245,  245,  245,  145,    1,    1,  215,    1,  117,    1,  120,
35 max,245,  245,  245,  115,  175,  180,   85,  170,  200,  120,  185,
36 max,245,  245,  245,  175,  165,  142,    1,  170,  195,  197,  130,
37 max,245,  245,  245,  195,  185,   90,    1,  167,    1,  132,   90,
38 max,245,  245,  245,  130,   95,    1,    1,    1,    1,    1,    1,
39 max,245,  245,  245,  165,  130,  145,  170,    1,    1,    1,  195,
40 max,245,  245,  245,  190,  185,    1,  100,  165,    1,  185,    1,
41 max,245,  245,  245,    1,    1,    1,  165,  130,    1,    1,  165,
42 max,245,  245,  245,  145,   72,   55,  152,    1,  105,    1,  245,
43 max,245,  245,  245,  185,  245,  195,  212,    1,  245,    1,  245,
44 max,245,  245,  245,  245,  245,  185,  125,  170,    1,    1,  185,
45 max,245,  245,  245,  245,  122,    1,    1,  192,    1,    1,  170,
46 max,245,  245,  245,  135,    1,    1,    1,  185,    1,  162,  185,
47 max,245,  245,  245,  195,    1,  197,    1,  170,  120,   80,  170,
48 max,245,  245,  245,   90,    1,    1,    1,    1,  180,  170,  165,
49 max,245,  245,  245,  205,  220,    1,    1,  165,    1,    1,    1,
50 max,245,  245,  245,   75,    1,  140,    1,    1,  170,  180,  180,
51 max,245,  245,  245,   75,  140,  160,    1,    1,   85,    1,  150,
52 max,245,  245,  245,   85,  102,  145,  170,  160,  170,   85,   35,
53 max,245,  245,  245,   25,  195,  215,  135,  165,  100,  182,   85,
54 max,245,  245,  245,  120,    1,  137,  162,  195,   85,  240,  165,
55 max,245,  245,  245,  225,    1,  245,  137,    1,  157,    1,  217,
56 max,245,  245,  245,  190,    1,  152,  190,    1,  190,  160,    1,
57 max,245,  245,  245,    1,    1,  115,    1,  165,  192,    1,  130,
58 max,245,  245,  245,  115,    1,    1,  130,  115,  105,  110,  185,
59 max,245,  245,  245,    1,  115,    1,    1,    1,  200,  137,    1,
60 max,245,  245,  245,    1,  140,  170,  115,    1,    1,  217,  177,
61 max,245,  245,  245,  102,    1,  145,  205,    1,  185,  217,    1,
62 max,245,  245,  245,    1,   70,  150,    1,    1,   52,    1,    1,
63 max,245,  245,  245,    1,    1,    1,   75,  160,    1,    1,    1,
64 max,245,  245,  245,   15,    1,    1,  170,  105,    1,  205,  140,
65 max,245,  245,  245,  160,  127,  170,   85,  180,    1,  160,  182,
66 max,245,  245,  245,    1,  185,    1,    1,  110,  185,  240,    1,
67 max,245,  245,  245,    1,    1,  185,  195,  212,  225,    1,  240,
68 max,245,  245,  245,  170,    1,    1,  202,  187,  190,  147,  175,
69 max,245,  245,  245,  100,    1,    1,   90,  165,    1,    1,   60,
70 max,245,  245,  245,    1,  160,  145,    1,    1,  190,    1,    1,
71 max,245,  245,  245,  115,  195,    1,  170,  165,  200,    1,  155,
72 max,245,  245,  245,  167,  245,    1,   35,    1,    1,  140,  130,
73 max,245,  245,  245,    1,    1,    1,   75,    1,    1,  245,  200,
74 max,245,  245,  245,  175,   22,    1,    1,    1,    1,  245,   22,
75 max,245,  245,  245,  157,  157,  202,   80,  180,  185,  195,  135,
76 max,245,  245,  245,  172,    1,  175,    1,   60,    1,   75,    1,
77 max,245,  245,  245,  160,  137,    1,   75,   85,  130,  135,   30,
78 max,245,  245,  245,  167,  202,    1,    1,  122,  132,    1,  215,
79 max,245,  245,  245,    1,    1,    1,   75,   97,  135,  215,    1,
80 max,245,  245,  245,  185,  185,  245,  145,   80,    1,    1,  155,
81 max,245,  245,  245,  117,  110,    1,  245,    1,    1,  170,    1,
82 max,245,  245,  245,    1,  245,  110,   52,  195,  215,    1,  195,
83 max,245,  245,  245,    1,    1,  190,    1,  207,    1,  215,  110,
84 max,245,  245,  245,  182,  132,  192,    1,    1,  105,    1,    1,
85 max,245,  245,  245,  215,   57,  132,  155,  142,  177,    1,    1,
86 max,245,  245,  245,  140,  115,    1,    1,  215,    1,   82,    1,
87 max,245,  245,  245,    1,    1,    1,  220,   75,  170,  187,  140,
88 max,245,  245,  245,  170,    1,   75,  140,    1,  220,    1,  195,
89 max,245,  245,  245,    1,  160,  107,  125,    1,    1,    1,  182,
90 max,245,  245,  245,    1,  190,    1,    1,    1,  205,  160,    1,
91 max,245,  245,  245,  185,  145,    0,  102,    1,    1,    1,  170,
92 max,245,  245,  245,  162,  200,    1,    1,   55,    1,    1,  112,
93 max,245,  245,  245,    1,  215,  245,  215,    1,  220,  165,  195,
94 max,245,  245,  245,  170,    1,    1,  225,    1,  185,  215,  245,
95 max,245,  245,  245,    1,  245,  240,    1,  177,  180,  245,    1,
96 max,245,  245,  245,    1,  245,    1,    1,  200,    1,    1,  225,
97 max,245,  245,  245,    1,  215,    1,    1,  245,  225,    1,   97,
98 max,245,  245,  245,  205,    1,  165,    1,  245,    1,  175,    1,
99 max,245,  245,  245,    1,  215,  180,    1,  240,  150,    1,  215,
 0番目の染色体：0100010110	245
 1番目の染色体：0100010110	245
 2番目の染色体：1100110100	1
 3番目の染色体：0101010100	1
 4番目の染色体：0001001101	1
 5番目の染色体：1010100100	100
 6番目の染色体：0000000010	30
 7番目の染色体：0110000110	195
 8番目の染色体：0000011111	1
 9番目の染色体：1010000101	120
#generation 100, elite copy 0.200000, muterate 0.200000
#generation,best fitness,average,0,1,2,3,4,5,6,7,8,9,
0 max,215,  187,    1,    1,    1,    1,    1,  215,    1,  165,    1,
1 max,220,  215,  215,  220,  105,   80,    1,    1,    1,  175,    1,
2 max,220,  220,  215,    1,  205,  145,  215,    1,    1,  162,    1,
3 max,220,  220,  215,  117,  155,    1,  135,   95,    1,  155,    1,
4 max,220,  220,  215,    1,    1,    1,    1,  165,    1,    1,   70,
5 max,220,  220,  215,    1,  140,  215,    1,  160,   95,    1,    1,
6 max,220,  220,  215,  220,  140,    1,   60,    1,  180,  155,  152,
7 max,220,  220,  220,  145,    1,  167,    1,  160,  185,    1,  105,
8 max,220,  220,  220,   85,  187,   90,   90,    1,  165,  140,    1,
9 max,220,  220,  220,  122,  172,  160,  157,    1,  117,  100,    1,
10 max,220,  220,  220,  187,    1,  117,  175,  105,    1,  155,    1,
11 max,240,  220,  220,   80,    1,  240,  180,    1,   85,    1,  115,
12 max,240,  240,  220,  110,  130,  185,    1,  175,    1,    1,    1,
13 max,240,  240,  220,  170,    1,    1,    1,  130,    1,  175,    1,
14 max,240,  240,  220,  240,    1,  135,  135,  115,  200,    1,   85,
15 max,240,  240,  240,  195,  162,    1,    1,  207,    1,    1,  165,
16 max,240,  240,  240,  137,    1,  170,    1,  195,    1,  150,    1,
17 max,240,  240,  240,    1,    1,    1,    1,  162,    1,   90,  142,
18 max,240,  240,  240,  210,    1,    1,    1,    1,    1,  170,    1,
19 max,240,  240,  240,    1,  145,  240,  160,    1,  240,   90,  210,
20 max,240,  240,  240,  170,    1,  180,    1,    1,  160,    1,    1,
21 max,240,  240,  240,  240,  112,    1,    1,    1,  100,  160,    1,
22 max,240,  240,  240,  212,    1,    1,    1,  165,    1,  137,  220,
23 max,240,  240,  240,  120,  205,    1,  240,  210,  160,    1,  192,
24 max,240,  240,  240,  160,  142,    1,    1,  132,  160,    1,    1,
25 max,240,  240,  240,  162,  180,    1,    1,   97,  240,   95,   85,
26 max,240,  240,  240,    1,  215,  195,    1,    1,    1,    1,    1,
27 max,240,  240,  240,  240,    1,  210,  200,  132,    1,  215,   85,
28 max,240,  240,  240,    1,    1,   65,    1,  135,    1,    1,   65,
29 max,240,  240,  240,  175,    1,  167,  180,    1,    1,  135,    1,
30 max,240,  240,  240,  205,  102,  175,  202,    1,  145,  135,    1,
31 max,240,  240,  240,  145,  180,  215,    1,    1,    1,    1,    1,
32 max,240,  240,  240,  205,    1,  180,  180,    1,  170,    1,  170,
33 max,240,  240,  240,  180,  100,  150,  182,  170,    1,  195,    1,
34 max,240,  240,  240,  240,  185,  205,  197,  225,    1,    1,    1,
35 max,240,  240,  240,    1,    1,  140,  165,    1,  160,    1,  185,
36 max,240,  240,  240,    1,  195,  205,  162,  180,    1,  240,    1,
37 max,240,  240,  240,  180,  240,    1,  210,    1,  240,  117,    1,
38 max,240,  240,  240,  135,  190,  175,   70,  180,  202,  140,  240,
39 max,240,  240,  240,    1,  192,    1,  150,  165,    1,   90,  205,
40 max,240,  240,  240,    1,  110,    1,    1,    1,    1,  150,  165,
41 max,240,  240,  240,    1,    1,  162,  205,    1,   35,   50,    1,
42 max,240,  240,  240,  180,    1,    1,    1,    1,  140,  217,    1,
43 max,240,  240,  240,    1,  170,  210,  202,  127,    1,  135,    1,
44 max,240,  240,  240,    1,  140,    1,  170,  117,  195,   90,    1,
45 max,240,  240,  240,    1,  117,   95,    1,    1,  100,  165,    1,
46 max,240,  240,  240,    1,    1,    1,    1,  140,    1,  207,    1,
47 max,240,  240,  240,    1,  192,    1,  210,   80,    1,  210,  180,
48 max,240,  240,  240,  155,  192,  180,    1,  175,    1,    1,  155,
49 max,240,  240,  240,    1,    1,    1,    1,  110,    1,    1,  192,
50 max,240,  240,  240,   77,  185,   80,    1,  202,   70,  162,  202,
51 max,240,  240,  240,  202,    1,  170,    1,    1,    1,  150,  112,
52 max,240,  240,  240,    1,    1,  112,    1,  207,  152,    1,    1,
53 max,240,  240,  240,  157,    1,  112,  180,    1,  202,   70,  112,
54 max,240,  240,  240,  145,   92,  192,    1,    1,  120,  180,    1,
55 max,240,  240,  240,    1,    1,    1,  112,    1,    1,  170,  200,
56 max,240,  240,  240,  240,  100,  160,    1,    1,  240,  180,    1,
57 max,245,  240,  240,  140,  225,    1,  165,    1,  245,    1,    1,
58 max,245,  245,  240,  110,  170,  185,    1,  145,  240,  185,    1,
59 max,245,  245,  240,  120,    1,    1,    1,  180,    1,    1,  192,
60 max,245,  245,  240,    1,  195,  180,   30,    1,    1,    1,  215,
61 max,245,  245,  240,    1,  185,  185,    1,  135,    1,    1,   60,
62 max,245,  245,  240,   70,  155,  210,  220,   85,    1,    1,    1,
63 max,245,  245,  240,    1,  185,  140,  160,  182,  192,  165,  170,
64 max,245,  245,  240,    1,    1,    1,    1,  175,  192,  130,  195,
65 max,245,  245,  240,  120,  155,    1,    1,    1,  200,  200,  130,
66 max,245,  245,  240,    1,  240,  192,    1,    1,  192,    1,  165,
67 max,245,  245,  240,   90,    1,    1,    1,  185,  145,    1,   65,
68 max,245,  245,  240,    1,    1,  215,    1,  135,  132,    1,  110,
69 max,245,  245,  240,  135,    1,    1,  170,  217,    1,  175,    1,
70 max,245,  245,  240,  195,  225,  140,  192,    1,  180,  127,   95,
71 max,245,  245,  240,    1,  157,  210,   52,  137,    1,  137,  187,
72 max,245,  245,  240,  190,    1,    1,    1,    1,  185,  215,    1,
73 max,245,  245,  240,    1,    1,  240,  185,  195,    1,    1,    1,
74 max,245,  245,  240,  190,  215,  185,  105,    1,    1,    1,   92,
75 max,245,  245,  240,  202,  200,  210,  115,    1,    1,  130,    1,
76 max,245,  245,  240,  110,  210,  180,  180,  210,    1,  180,  130,
77 max,245,  245,  240,  135,  190,   70,  157,  200,  127,  210,  162,
78 max,245,  245,  240,    1,  170,  130,  197,  235,    1,  147,  165,
79 max,245,  245,  240,    1,  187,    1,  192,  105,    1,    1,  180,
80 max,245,  245,  240,  150,    1,  140,    1,  197,    1,    1,    1,
81 max,245,  245,  240,    1,  225,    1,   97,    1,    1,  135,    1,
82 max,245,  245,  240,  220,  127,    1,  102,   92,    1,    1,  157,
83 max,245,  245,  240,    1,  135,  172,    1,    1,    1,  150,    1,
84 max,245,  245,  240,  240,    1,  127,    1,    1,  140,    1,  175,
85 max,245,  245,  240,  162,    1,  202,  210,  215,  160,  180,  165,
86 max,245,  245,  240,   35,    1,  185,  160,  170,    1,  140,    1,
87 max,245,  245,  240,  130,   40,  180,   90,  137,    1,    1,  170,
88 max,245,  245,  240,  142,  165,    1,    1,  167,  110,  175,    1,
89 max,245,  245,  240,  140,    1,   55,  165,    1,  132,  195,    1,
90 max,245,  245,  240,  197,    1,   90,  115,  190,  162,  170,    1,
91 max,245,  245,  240,    1,  110,  110,   70,  200,   70,  212,  120,
92 max,245,  245,  240,    1,  120,  130,    1,    1,  205,    1,  137,
93 max,245,  245,  240,    1,    1,  125,    1,  215,  120,    1,  140,
94 max,245,  245,  240,    1,   87,  192,  140,  135,    1,    1,   25,
95 max,245,  245,  240,  140,  140,   67,   82,    1,   85,  140,  112,
96 max,245,  245,  240,  170,    1,    1,    1,  205,  185,  145,    1,
97 max,245,  245,  240,  195,    1,    1,  205,  160,  205,  140,  170,
98 max,245,  245,  240,    1,  180,  192,    1,  102,   25,  135,  160,
99 max,245,  245,  240,    1,    1,  240,  135,  197,    1,    1,  245,
 0番目の染色体：0100010110	245
 1番目の染色体：0100010110	245
 2番目の染色体：0110000111	1
 3番目の染色体：0100110110	1
 4番目の染色体：1100001011	1
 5番目の染色体：1000000110	100
 6番目の染色体：0110000010	135
 7番目の染色体：0110101111	1
 8番目の染色体：0101100110	197
 9番目の染色体：0100101110	1
#generation 100, elite copy 0.200000, muterate 0.200000
#generation,best fitness,average,0,1,2,3,4,5,6,7,8,9,
0 max,187,   85,    1,  150,  187,  110,    1,    1,  165,    1,  130,
1 max,215,  187,  165,    1,  175,  215,    1,  127,    1,  195,    1,
2 max,215,  215,  195,  187,  175,   75,  182,    1,  142,  150,  155,
3 max,215,  215,  195,  152,    1,    1,    1,  195,   15,    1,  162,
4 max,220,  215,  195,  162,    0,  185,  152,    1,    1,  220,    1,
5 max,220,  220,  220,  110,  147,    1,  180,  192,    1,  120,    1,
6 max,220,  220,  220,  185,    1,  217,   75,  185,  137,    1,  140,
7 max,220,  220,  220,  180,  105,  140,   55,    1,   40,    1,  200,
8 max,220,  220,  220,   40,  120,    1,    1,  145,  125,  220,  217,
9 max,220,  220,  220,  202,    1,  217,    1,   80,  120,   45,  115,
10 max,220,  220,  220,  170,  142,  110,    1,    1,  135,   85,  125,
11 max,220,  220,  220,    1,  115,    1,    1,    1,    1,  130,    1,
12 max,220,  220,  220,    1,  200,  115,    1,  125,    1,  140,  220,
13 max,220,  220,  220,  140,    1,  220,    1,  200,  195,    1,    1,
14 max,220,  220,  220,  220,  120,  140,  217,    1,    1,  195,  190,
15 max,220,  220,  220,  180,    1,  190,  110,  205,  145,  195,    1,
16 max,220,  220,  220,    1,  200,  157,    1,    1,  157,    1,  215,
17 max,220,  220,  220,    1,  195,  120,  172,  180,   65,    1,  177,
18 max,220,  220,  220,  145,    1,  215,  220,  147,    1,    1,  110,
19 max,220,  220,  220,  202,    1,  122,    1,   35,    1,  145,  117,
20 max,220,  220,  220,  155,    1,  220,  137,  102,  160,  125,   35,
21 max,220,  220,  220,    1,    1,   90,    1,   65,    1,   65,    1,
22 max,220,  220,  220,   40,    1,   85,   65,    1,  152,  115,  220,
23 max,220,  220,  220,  142,  210,  130,  167,   80,  120,  220,  175,
24 max,220,  220,  220,    1,    1,    1,    1,  205,    1,    1,  180,
25 max,220,  220,  220,  140,  140,  145,  175,  125,    1,    1,   65,
26 max,220,  220,  220,  115,  100,   70,    1,  140,  142,    1,  150,
27 max,220,  220,  220,    1,    1,   47,    1,  147,  130,  130,  137,
28 max,220,  220,  220,   95,    1,  170,  137,    1,  140,  140,  195,
29 max,220,  220,  220,  195,    1,    1,    1,    1,  105,   52,    1,
30 max,220,  220,  220,  165,  167,    1,   10,  137,    1,  210,  200,
31 max,220,  220,  220,  130,   80,    1,    1,    1,  127,   60,  167,
32 max,220,  220,  220,    1,   62,    1,  142,   35,  205,  142,  127,
33 max,220,  220,  220,    1,  195,  145,  220,  217,    1,    1,    1,
34 max,220,  220,  220,   65,    1,  115,  202,  217,    1,    1,    1,
35 max,220,  220,  220,  105,    1,    1,  140,  140,  190,  125,  122,
36 max,220,  220,  220,    1,  160,  130,  190,  190,    1,    1,    1,
37 max,220,  220,  220,    1,    1,  140,  140,  115,  220,  110,  210,
38 max,220,  220,  220,  135,    1,    1,    1,    1,  220,    1,  195,
39 max,220,  220,  220,  175,  205,  150,  195,  200,  125,   30,    1,
40 max,220,  220,  220,  175,    1,    1,    1,    1,    1,    1,  175,
41 max,220,  220,  220,  220,  175,  205,  170,  205,    1,  187,  170,
42 max,220,  220,  220,    1,    1,  165,   55,  122,    1,    1,    1,
43 max,220,  220,  220,  115,    1,    1,    1,   55,    1,    1,    1,
44 max,220,  220,  220,    1,    1,  190,  220,  210,  200,    1,    1,
45 max,220,  220,  220,    1,  157,    1,    1,    1,    1,    1,  210,
46 max,220,  220,  220,    1,  220,    1,  175,    1,  220,    1,  190,
47 max,220,  220,  220,    1,  220,  190,    1,  172,  140,  110,    1,
48 max,220,  220,  220,    1,  220,    1,   70,    1,    1,    1,  115,
49 max,220,  220,  220,   87,  187,    1,  125,  150,    1,  195,  140,
50 max,220,  220,  220,    1,    1,  195,    1,    1,  145,    1,  185,
51 max,220,  220,  220,  180,   60,  120,    1,    1,  155,  120,  200,
52 max,220,  220,  220,    1,  120,  145,  115,    1,    1,    1,    1,
53 max,220,  220,  220,  145,    1,  220,  120,    1,  175,  150,  167,
54 max,220,  220,  220,  177,  112,  192,  150,   95,  127,  150,  145,
55 max,220,  220,  220,    1,   67,    1,  122,  110,    1,  145,  172,
56 max,220,  220,  220,   32,  162,    1,  120,  107,  132,  142,  130,
57 max,220,  220,  220,  177,    1,  120,    1,  220,  142,  137,   67,
58 max,220,  220,  220,    1,   92,  130,    1,    1,   57,    1,    1,
59 max,220,  220,  220,    1,   30,    1,    1,  130,  115,  190,    1,
60 max,245,  220,  220,  245,  135,  145,  155,  167,  190,  140,  207,
61 max,245,  245,  220,  165,  195,    1,  102,    1,    1,  155,    1,
62 max,245,  245,  220,    1,    1,   90,   90,  185,    1,  130,    1,
63 max,245,  245,  220,   35,  180,  145,  245,  125,    1,    1,    1,
64 max,245,  245,  245,  150,  175,  142,  165,    1,  130,    1,    1,
65 max,245,  245,  245,  135,    1,  117,  140,   85,  122,  150,  245,
66 max,245,  245,  245,  245,  170,  175,    1,  105,    1,  240,    1,
67 max,245,  245,  245,    1,   55,    1,    1,  195,    1,  127,    1,
68 max,245,  245,  245,    1,    1,    1,  202,    1,  140,  245,    1,
69 max,245,  245,  245,  227,  170,  235,    1,  185,  202,  162,  140,
70 max,245,  245,  245,    1,  192,  135,  145,  217,    1,  110,    1,
71 max,245,  245,  245,   80,  165,  100,  100,  245,  187,  175,    1,
72 max,245,  245,  245,  170,    1,  240,  195,  185,  177,    1,    1,
73 max,245,  245,  245,  180,    1,  140,  210,  190,  205,  112,    1,
74 max,245,  245,  245,  145,    1,  245,  165,  187,  180,  120,  155,
75 max,245,  245,  245,  245,  175,    1,  110,  110,  140,    1,  155,
76 max,245,  245,  245,  180,  245,    1,  150,  245,  240,  195,  207,
77 max,245,  245,  245,  170,    1,  165,  165,  195,    1,    1,  115,
78 max,245,  245,  245,    1,  185,  130,  142,    1,  170,  170,    1,
79 max,245,  245,  245,    1,  170,    1,  110,  132,    1,  150,  187,
80 max,245,  245,  245,   95,    1,  150,  170,  195,    1,    1,    1,
81 max,245,  245,  245,  145,  200,  187,  190,  185,    1,  205,  170,
82 max,245,  245,  245,    1,  165,   90,    1,    1,   52,  105,    1,
83 max,245,  245,  245,    1,  197,    1,    1,    1,    1,  137,  145,
84 max,245,  245,  245,  145,  227,  112,   82,  205,  220,    1,    1,
85 max,245,  245,  245,   82,  120,  112,  157,  187,  142,  177,  175,
86 max,245,  245,  245,  207,  127,  125,    1,  112,  160,  185,  157,
87 max,245,  245,  245,    1,    1,    1,    1,  185,  165,  132,    1,
88 max,245,  245,  245,    1,  175,  180,  190,    1,  115,  130,    1,
89 max,245,  245,  245,  115,    1,  192,    1,  200,  190,  185,  245,
90 max,245,  245,  245,    1,    1,    1,  220,    1,  115,  190,  245,
91 max,245,  245,  245,    1,    1,  140,  127,    1,  192,    1,  115,
92 max,245,  245,  245,  192,  200,  225,  212,  190,    1,    1,  215,
93 max,245,  245,  245,  190,  122,    1,    1,  162,  200,  165,   67,
94 max,245,  245,  245,  152,    1,   82,  245,    1,   57,    1,  132,
95 max,245,  245,  245,  140,  182,  175,   75,    1,    1,  170,  215,
96 max,245,  245,  245,  137,  155,  245,  245,    1,    1,    1,  132,
97 max,245,  245,  245,    1,  195,  215,  202,    1,  200,    1,    1,
98 max,245,  245,  245,    1,  185,    1,  165,    1,  170,    1,  220,
99 max,245,  245,  245,  110,  157,  135,    1,  140,    1,  170,  170,
 0番目の染色体：0100010110	245
 1番目の染色体：0100010110	245
 2番目の染色体：0000110011	135
 3番目の染色体：0100101010	185
 4番目の染色体：0100100100	145
 5番目の染色体：0100111011	1
 6番目の染色体：0100111011	1
 7番目の染色体：1011010111	1
 8番目の染色体：1100010110	1
 9番目の染色体：0000110011	135
#generation 100, elite copy 0.200000, muterate 0.200000
#generation,best fitness,average,0,1,2,3,4,5,6,7,8,9,
0 max,142,    1,    1,    1,    1,    1,    1,  142,    1,    1,  115,
1 max,192,  142,  115,    1,  155,  142,  192,  142,  180,  115,    1,
2 max,192,  192,  180,    1,  177,   75,  142,    1,   95,  142,    1,
3 max,192,  192,  180,  180,  167,    1,   70,   95,    1,   97,    1,
4 max,192,  192,  180,  162,   75,   35,  127,    1,    1,    1,   87,
5 max,210,  192,  180,    1,  132,  122,  210,  160,   35,    1,  132,
6 max,210,  210,  210,    1,    1,    1,   95,  110,  117,    1,    1,
7 max,210,  210,  210,    1,    1,    1,  142,    1,  105,   92,  155,
8 max,210,  210,  210,    1,   87,   95,    1,  137,    1,   47,  205,
9 max,210,  210,  210,   95,    1,    1,  127,    1,    1,  200,    1,
10 max,210,  210,  210,  127,    1,  187,   85,   67,  135,    1,  150,
11 max,210,  210,  210,  180,  200,  150,  172,  117,  105,    1,    1,
12 max,220,  210,  210,    1,  220,  180,  195,  202,  180,  162,    1,
13 max,220,  220,  210,    1,  200,    1,    1,    1,   90,  192,  177,
14 max,220,  220,  210,  192,    1,  200,  100,  130,  145,    1,    1,
15 max,220,  220,  210,   90,    1,  192,    1,    1,    1,    1,  192,
16 max,220,  220,  210,  182,    1,    1,    1,    1,   87,  187,   85,
17 max,220,  220,  210,    0,    1,    1,  207,    1,  172,  120,   95,
18 max,220,  220,  210,    1,  152,  145,    1,  210,    1,    1,    1,
19 max,220,  220,  210,  130,  100,   40,  115,    1,  137,  170,  210,
20 max,220,  220,  210,    1,    1,    1,  170,    1,    1,  180,   92,
21 max,220,  220,  210,  175,    1,  210,  140,    1,    1,  115,  140,
22 max,220,  220,  210,    1,  192,  210,    1,    1,  205,  100,    1,
23 max,235,  220,  210,    1,  210,    1,  235,    1,    1,    1,  190,
24 max,235,  235,  235,    1,    1,    1,  175,    1,   22,    1,  180,
25 max,240,  235,  235,  240,   92,    1,  170,    1,    1,    1,    1,
26 max,240,  240,  235,  180,  177,    1,  210,    1,    1,    1,  187,
27 max,240,  240,  235,  147,  175,  152,  107,    1,    1,    1,  132,
28 max,240,  240,  235,  217,   77,    1,  145,  195,  227,  105,    1,
29 max,240,  240,  235,  200,   87,  180,  180,  162,    1,  145,  105,
30 max,240,  240,  235,    1,  112,    1,  155,  110,    1,    1,  192,
31 max,240,  240,  235,    1,   55,  182,    1,   70,  190,  210,  180,
32 max,240,  240,  235,  100,    1,  190,    1,    1,   40,    1,  180,
33 max,240,  240,  235,  197,  197,    1,    1,    1,  190,  155,    1,
34 max,240,  240,  235,  182,  195,    1,    1,  160,  195,    1,  150,
35 max,240,  240,  235,  175,    1,    1,    1,  170,    1,  210,    1,
36 max,240,  240,  235,  180,    1,  195,    1,   90,    1,    1,  195,
37 max,240,  240,  235,  115,  195,    1,  205,  160,    1,    1,  190,
38 max,240,  240,  235,  165,  165,    1,    1,    1,  155,  145,  135,
39 max,240,  240,  235,  165,   35,    1,  145,   60,    1,  192,  145,
40 max,240,  240,  235,  145,   95,  170,  205,  220,    1,    1,    1,
41 max,240,  240,  235,  170,    1,    1,  130,  235,    1,    1,    1,
42 max,240,  240,  235,    1,    1,    1,  160,    1,  235,    1,    1,
43 max,240,  240,  235,  240,    1,  220,    1,  235,  175,    1,    1,
44 max,240,  240,  240,    1,    1,   70,    1,    1,    1,    1,  205,
45 max,240,  240,  240,    1,  215,  205,  110,   90,  215,    1,  175,
46 max,240,  240,  240,    1,  175,    1,  160,  100,    1,  240,    1,
47 max,240,  240,  240,  105,  162,  175,    1,  225,  140,  225,  240,
48 max,240,  240,  240,  140,    1,  162,    1,    1,  240,   47,    1,
49 max,240,  240,  240,  110,    1,    1,  175,  215,    1,  185,    1,
50 max,240,  240,  240,    1,  210,    1,  175,    1,   75,    1,    1,
51 max,240,  240,  240,  155,  195,    1,  205,  160,    1,  180,    1,
52 max,240,  240,  240,    1,   10,  190,   55,   90,    1,  215,   95,
53 max,240,  240,  240,  100,  165,  185,    1,  240,  120,  130,  130,
54 max,240,  240,  240,  180,  170,  140,    1,  182,    1,  210,  210,
55 max,240,  240,  240,  190,    1,  225,  100,   30,    1,  155,  155,
56 max,240,  240,  240,  165,  160,    1,    1,    1,    1,    1,    1,
57 max,240,  240,  240,    1,    1,    1,  240,  240,  105,    1,    1,
58 max,240,  240,  240,  240,    1,  155,  180,    1,  240,    1,  170,
59 max,240,  240,  240,  182,    1,  160,  240,  197,    1,    1,    1,
60 max,240,  240,  240,  190,  240,    1,  175,  240,    1,   27,    1,
61 max,240,  240,  240,    1,    1,    1,    1,    1,  127,    1,    1,
62 max,240,  240,  240,    1,    1,    1,  150,   90,  187,    1,  155,
63 max,240,  240,  240,    1,   65,   95,  165,    1,  240,  145,  165,
64 max,240,  240,  240,  165,    1,    1,    1,   25,  180,    1,  150,
65 max,240,  240,  240,  160,  202,   30,  240,  160,  162,  180,  170,
66 max,240,  240,  240,    1,    1,    1,  205,    1,    1,  102,  110,
67 max,240,  240,  240,  130,  155,    1,  205,    1,  185,    1,  210,
68 max,240,  240,  240,    1,  132,  100,  165,  200,  170,   25,    1,
69 max,240,  240,  240,  160,  190,  177,   85,  202,   55,   92,  130,
70 max,240,  240,  240,   60,  212,  185,  135,  125,  180,  175,    1,
71 max,240,  240,  240,  205,    1,   80,  185,  110,  175,  170,  140,
72 max,240,  240,  240,  100,  150,  100,  195,    1,    1,    1,  195,
73 max,240,  240,  240,  150,  150,  215,  110,  120,  240,   80,  190,
74 max,240,  240,  240,  240,    1,   45,  170,   85,    1,    1,  185,
75 max,240,  240,  240,    1,  220,  185,  195,    1,    1,  240,  210,
76 max,240,  240,  240,  185,  215,    1,    1,  220,    1,  220,    1,
77 max,240,  240,  240,  210,    1,  165,  210,  105,    1,  190,    1,
78 max,240,  240,  240,  110,    1,    1,    1,  175,    1,  180,    1,
79 max,240,  240,  240,  180,  110,    1,   35,  210,  225,  135,  190,
80 max,240,  240,  240,    1,  185,    1,    1,    1,  105,    1,  170,
81 max,240,  240,  240,   90,    1,    1,  127,    1,  240,  235,    1,
82 max,240,  240,  240,    1,    1,    1,  150,    1,  127,   90,  180,
83 max,240,  240,  240,  202,    1,   90,    1,  170,    1,  137,  115,
84 max,240,  240,  240,  132,  210,  120,  187,  185,   82,  162,    1,
85 max,240,  240,  240,  140,  187,  235,   95,  187,  220,  145,    1,
86 max,240,  240,  240,    1,    1,    1,  182,    1,  205,    1,    1,
87 max,240,  240,  240,  210,    1,    1,  162,    1,   45,    1,  137,
88 max,240,  240,  240,    1,    1,  217,    1,    1,  210,  165,  182,
89 max,245,  240,  240,    1,    1,    1,  227,    1,  245,  207,  245,
90 max,245,  245,  245,    1,  115,    1,    1,    1,    1,  160,    1,
91 max,245,  245,  245,  112,    1,    1,   95,  135,  190,  165,  150,
92 max,245,  245,  245,   55,    1,  180,  190,  100,  140,    1,  180,
93 max,245,  245,  245,    1,    1,   55,    1,  110,    1,  207,  140,
94 max,245,  245,  245,    1,    1,    1,  170,  155,  202,  102,    1,
95 max,245,  245,  245,    1,    1,  195,    1,  105,  170,  195,    1,
96 max,245,  245,  245,    1,  180,    1,    1,    1,   75,    1,   90,
97 max,245,  245,  245,  135,    1,  210,  170,  207,  170,  115,    1,
98 max,245,  245,  245,  112,  110,    1,    1,    1,   40,    1,    1,
99 max,245,  245,  245,  117,    1,    1,  127,  135,  190,    1,  187,
 0番目の染色体：0100010110	245
 1番目の染色体：0100010110	245
 2番目の染色体：0000010111	190
 3番目の染色体：0001010100	157
 4番目の染色体：1100010101	1
 5番目の染色体：0000100010	35
 6番目の染色体：0001000111	137
 7番目の染色体：0010010110	190
 8番目の染色体：0001010101	1
 9番目の染色体：1001100111	152
